Tuning_Method,Loss,Accuracy
RandomSearch,0.36017003655433655,0.8783000111579895
Hyperband,0.3604546785354614,0.875
BayesianOptimization,0.33214613795280457,0.8837000131607056
